{"stats":{"minecraft:picked_up":{"minecraft:filled_map":12,"minecraft:yellow_glazed_terracotta":4,"minecraft:map":1,"minecraft:item_frame":2,"minecraft:sticky_piston":1,"minecraft:oak_sign":3,"minecraft:slime_block":3,"minecraft:egg":3},"minecraft:used":{"minecraft:azalea":1,"minecraft:sticky_piston":24,"minecraft:moss_block":13,"minecraft:flower_pot":3,"minecraft:flowering_azalea":1,"minecraft:black_concrete":1,"minecraft:quartz_pillar":19,"minecraft:flint_and_steel":4,"minecraft:command_block":36,"minecraft:red_concrete":67,"minecraft:grass_block":3,"minecraft:slime_block":3,"minecraft:barrier":8,"minecraft:stone_button":14,"minecraft:oak_planks":29,"minecraft:map":470,"minecraft:oak_sign":29,"minecraft:blackstone":1,"minecraft:polished_blackstone_brick_stairs":8,"minecraft:redstone_block":46,"minecraft:smooth_quartz":4,"minecraft:flowering_azalea_leaves":1,"minecraft:item_frame":338,"minecraft:oak_leaves":26,"minecraft:netherrack":225,"minecraft:white_wool":15,"minecraft:bedrock":3,"minecraft:dragon_egg":1,"minecraft:repeater":28,"minecraft:yellow_glazed_terracotta":5,"minecraft:oak_wood":112,"minecraft:white_concrete":8,"minecraft:obsidian":29},"minecraft:dropped":{"minecraft:filled_map":88,"minecraft:map":66},"minecraft:custom":{"minecraft:time_since_rest":8450,"minecraft:sprint_one_cm":2345192,"minecraft:walk_one_cm":7348760,"minecraft:damage_taken":240,"minecraft:drop":91,"minecraft:fly_one_cm":1590040,"minecraft:crouch_one_cm":106623,"minecraft:play_time":192405,"minecraft:deaths":26,"minecraft:sneak_time":4702,"minecraft:pot_flower":5,"minecraft:jump":131,"minecraft:leave_game":15,"minecraft:time_since_death":8428,"minecraft:walk_on_water_one_cm":31,"minecraft:total_world_time":212617}},"DataVersion":3337}